celltype,p,coefs,ctd_level,branch,fdr
Adult_hESC,1e-04,0.0118979140223454,3,Haplorhine,0.0206666666666667
Adult_Stratified_epithelial_cell,1e-04,0.0119897782313099,3,Haplorhine,0.0206666666666667
Adult_Thyroid_follicular_cell,1e-04,0.0174155689340701,3,Human,0.0206666666666667
Adult_Dendritic_cell,2e-04,0.00454134596718592,3,Haplorhine,0.031
Adult_Macrophage,3e-04,0.00419572807425488,3,Primate,0.0372
Adult_Macrophage,4e-04,0.0048826971413407,3,Haplorhine,0.0413333333333333
Adult_Epithelial_cell,0.0015,0.00735368483602443,3,Haplorhine,0.132857142857143
Fetus_Endothelial_cell,0.0022,-0.00265050952613364,3,Haplorhine,0.168285714285714
Fetus_Enterocyte,0.0026,0.0107905932822153,3,Great Ape,0.168285714285714
Adult_Hepatocyte_Endodermal_cell,0.0028,0.0090982620918684,3,Haplorhine,0.168285714285714
HESC_Fetal_neuron,0.0031,0.0110011202774392,3,Human,0.168285714285714
Fetus_Gastric_endocrine_cell,0.0033,0.0106413129128449,3,Human,0.168285714285714
Adult_Stratified_epithelial_cell,0.0037,0.0061499682703049,3,Primate,0.168285714285714
Adult_M2_Macrophage,0.0038,0.00389246762997858,3,Haplorhine,0.168285714285714
Fetus_Fetal_stromal_cell,0.0043,-0.00290218628345286,3,Haplorhine,0.177733333333333
Adult_Fetal_Neuron,0.0049,0.0101532349807132,3,Human,0.189875
Adult_Sinusoidal_endothelial_cell,0.0063,0.00608381734270088,3,Haplorhine,0.224380952380952
Adult_Mesothelial_cell,0.007,0.00462249660483071,3,Haplorhine,0.224380952380952
Adult_Fetal_stromal_cell,0.0072,0.0149392626472736,3,Homo-Pan,0.224380952380952
Adult_Fetal_skeletal_muscle_cell,0.0076,-0.00524835153987626,3,Haplorhine,0.224380952380952
Adult_Fibroblast,0.0076,0.00262847653592073,3,Haplorhine,0.224380952380952
Adult_Goblet_cell,0.0086,0.0042094982203365,3,Primate,0.239913043478261
Adult_Pancreas_exocrine_cell,0.0089,0.0131654194222045,3,Great Ape,0.239913043478261
Fetus_M2_Macrophage,0.0097,0.00268670308052784,3,Primate,0.250583333333333
Adult_Stromal_cell,0.0117,0.00235278113195176,3,Haplorhine,0.276615384615385
Adult_Erythroid_progenitor_cell_(RP_high),0.0119,-0.00194175248652499,3,Haplorhine,0.276615384615385
Adult_Hepatocyte_Endodermal_cell,0.0124,0.0141833781404553,3,Great Ape,0.276615384615385
Adult_Enterocyte,0.0133,0.00492629717707406,3,Haplorhine,0.276615384615385
Fetus_Fasciculata_cell,0.014,0.00623621347487808,3,Human,0.276615384615385
Adult_Neutrophil,0.0149,0.00267403508333261,3,Primate,0.276615384615385
Fetus_Immature_sertoli_cell_(Pre_Sertoli_cell),0.0151,0.0114804689195592,3,Great Ape,0.276615384615385
Adult_Goblet_cell,0.0156,0.00458742360945004,3,Haplorhine,0.276615384615385
Fetus_Epithelial_cell_(intermediated),0.016,-0.00379520993776167,3,Haplorhine,0.276615384615385
Fetus_Fetal_fibroblast,0.0162,-0.00305987207964009,3,Haplorhine,0.276615384615385
Fetus_Smooth_muscle_cell,0.0167,-0.00198124358828349,3,Primate,0.276615384615385
Fetus_Fetal_mesenchymal_progenitor,0.017,-0.00197284088525968,3,Primate,0.276615384615385
Fetus_Epithelial_cell,0.017,0.00565679440575213,3,Haplorhine,0.276615384615385
Adult_Sinusoidal_endothelial_cell,0.0177,0.0100212957909558,3,Great Ape,0.276615384615385
Fetus_T_cell,0.018,0.00496821348876803,3,Great Ape,0.276615384615385
Fetus_Smooth_muscle_cell,0.0183,-0.00235072309396997,3,Haplorhine,0.276615384615385
Adult_Monocyte,0.0201,0.00378914289648656,3,Great Ape,0.276615384615385
Adult_Enterocyte,0.0202,0.0139631234427109,3,Homo-Pan,0.276615384615385
HESC_Fetal_epithelial_progenitor,0.0204,0.00670830751302078,3,Great Ape,0.276615384615385
Fetus_Fetal_epithelial_progenitor,0.0205,-0.00236651527090119,3,Haplorhine,0.276615384615385
Adult_Chondrocyte,0.0208,0.00597293063875809,3,Human,0.276615384615385
Fetus_Neutrophil,0.0209,0.00495571962908684,3,Great Ape,0.276615384615385
Fetus_Enterocyte,0.021,-0.00353409036683028,3,Haplorhine,0.276615384615385
Adult_Stromal_cell,0.0223,0.0033381572325588,3,Human,0.276615384615385
Adult_Intercalated_cell,0.0225,0.00347148182104009,3,Haplorhine,0.276615384615385
Fetus_Stromal_cell,0.0226,0.00239372245674095,3,Haplorhine,0.276615384615385
Adult_Neutrophil,0.0229,0.00587660607081209,3,Great Ape,0.276615384615385
Adult_Gastric_chief_cell,0.0232,0.00348599666906109,3,Haplorhine,0.276615384615385
Fetus_Fetal_skeletal_muscle_cell,0.0237,-0.0035133682462657,3,Haplorhine,0.277245283018868
Fetus_Intermediated_cell,0.0254,-0.00260265040256666,3,Haplorhine,0.290836363636364
Adult_Fasciculata_cell,0.0258,0.00416396012733566,3,Haplorhine,0.290836363636364
Fetus_Basal_cell,0.0273,-0.00371578882722759,3,Haplorhine,0.30225
Fetus_Fibroblast,0.0283,-0.00241721158977405,3,Primate,0.307824561403509
Fetus_Primordial_germ_cell,0.0292,0.0108655715165177,3,Human,0.308
Fetus_Ureteric_bud_cell,0.0298,-0.00205731807282765,3,Haplorhine,0.308
Fetus_Fetal_Neuron,0.0302,-0.00304431740979181,3,Haplorhine,0.308
Fetus_Fetal_neuron,0.0304,-0.00486443707354889,3,Haplorhine,0.308
Adult_Stratified_epithelial_cell,0.0308,0.00766410242173885,3,Human,0.308
Fetus_Ventricle_cardiomyocyte,0.032,-0.00398287963104546,3,Primate,0.314920634920635
Adult_CB_CD34+,0.0337,-0.00274966446334904,3,Haplorhine,0.319117647058824
Fetus_Enterocyte,0.0339,-0.00501860029922333,3,Human,0.319117647058824
Fetus_Erythroid_progenitor_cell_(RP_high),0.034,-0.00128253493986171,3,Haplorhine,0.319117647058824
Adult_Basal_cell,0.035,0.00376073068777298,3,Primate,0.319117647058824
Fetus_Macrophage,0.035,0.00305795177178737,3,Great Ape,0.319117647058824
Adult_Intermediated_cell,0.0356,-0.00342341715377348,3,Haplorhine,0.319884057971015
Fetus_Stromal_cell,0.037,0.00594538441466883,3,Homo-Pan,0.327714285714286
Adult_Smooth_muscle_cell,0.0378,-0.00276294083991433,3,Primate,0.329805555555556
Adult_B_cell,0.0383,0.00240851293318725,3,Haplorhine,0.329805555555556
Fetus_hESC,0.0391,0.0127740555751296,3,Homo-Pan,0.332082191780822
Fetus_Intercalated_cell,0.0401,-0.00256746369196654,3,Primate,0.3348
Fetus_Fetal_endocrine_cell,0.0405,-0.00363351294885557,3,Primate,0.3348
Fetus_Epithelial_cell,0.0415,0.013036317307428,3,Homo-Pan,0.338552631578947
Fetus_Antigen_presenting_cell_(RPS_high),0.0439,-0.00297006363715922,3,Homo-Pan,0.351333333333333
Adult_Gastric_endocrine_cell,0.0453,0.00589724126546378,3,Human,0.351333333333333
Fetus_Ureteric_bud_cell,0.0458,-0.00326751082301926,3,Great Ape,0.351333333333333
Adult_Antigen_presenting_cell_(RPS_high),0.0462,0.00308797125193199,3,Great Ape,0.351333333333333
Adult_Proliferating_T_cell,0.0469,0.00762100663595919,3,Homo-Pan,0.351333333333333
Fetus_Gastric_endocrine_cell,0.0474,0.0099394059021091,3,Homo-Pan,0.351333333333333
Fetus_Macrophage,0.0476,0.00160693376456618,3,Haplorhine,0.351333333333333
Fetus_Myeloid_cell,0.0476,-0.00400061586582642,3,Human,0.351333333333333
Fetus_Hepatocyte_Endodermal_cell,0.049,0.00275071786042388,3,Haplorhine,0.3565
Adult_Oligodendrocyte,0.0503,0.00473155766917765,3,Primate,0.3565
Fetus_Endothelial_cell_(endothelial_to_mesenchymal_transition),0.0506,-0.00520742137993504,3,Great Ape,0.3565
Adult_Fetal_enterocyte,0.0513,0.00279401299650703,3,Primate,0.3565
Fetus_Intermediated_cell,0.0516,-0.00530662319506064,3,Homo-Pan,0.3565
HESC_hESC,0.0522,-0.00352984829609022,3,Human,0.3565
Fetus_Fetal_skeletal_muscle_cell,0.0529,0.00841020756446973,3,Homo-Pan,0.3565
Fetus_Monocyte,0.0529,-0.0032534092620739,3,Homo-Pan,0.3565
Adult_Antigen_presenting_cell_(RPS_high),0.0535,-0.00413711598868788,3,Homo-Pan,0.356666666666667
Adult_Pancreas_exocrine_cell,0.0545,0.00377896491276846,3,Haplorhine,0.3584375
HESC_Primordial_germ_cell,0.055,-0.00258446294568642,3,Haplorhine,0.3584375
Adult_Epithelial_cell,0.0555,0.00292439188141563,3,Primate,0.3584375
Fetus_Neutrophil_(RPS_high),0.0576,-0.00127847276645549,3,Haplorhine,0.363545454545455
Fetus_Immature_sertoli_cell_(Pre_Sertoli_cell),0.0578,-0.00651648951695221,3,Human,0.363545454545455
Adult_Fetal_endocrine_cell,0.0584,0.00395496077578097,3,Haplorhine,0.363545454545455
Fetus_Stratified_epithelial_cell,0.0599,0.00596429038173004,3,Great Ape,0.363545454545455
Fetus_Neutrophil_(RPS_high),0.0602,0.00173213944428184,3,Human,0.363545454545455
Fetus_Macrophage,0.0605,0.00125940784199136,3,Primate,0.363545454545455
HESC_Primordial_germ_cell,0.0607,-0.00378754445092693,3,Human,0.363545454545455
Fetus_Stromal_cell,0.0618,-0.00162773273003771,3,Primate,0.363545454545455
Fetus_Fetal_Neuron,0.0632,0.00668117705022869,3,Homo-Pan,0.363545454545455
Fetus_Hepatocyte_Endodermal_cell,0.0633,-0.00368650399029063,3,Human,0.363545454545455
Fetus_Neutrophil,0.0636,0.00142625674923103,3,Primate,0.363545454545455
Fetus_Pancreas_exocrine_cell,0.0638,0.00956488447447873,3,Homo-Pan,0.363545454545455
Fetus_Fetal_chondrocyte,0.0643,-0.00396403382659804,3,Human,0.363545454545455
Adult_Gastric_chief_cell,0.0645,0.00211063752633654,3,Primate,0.363545454545455
Fetus_Fetal_stromal_cell,0.0667,-0.00280825218034908,3,Great Ape,0.372548672566372
Adult_Fetal_stromal_cell,0.0675,-0.00232937836804657,3,Haplorhine,0.372548672566372
Fetus_Erythroid_progenitor_cell_(RP_high),0.0679,0.00170671831418617,3,Great Ape,0.372548672566372
Adult_Ventricle_cardiomyocyte,0.069,0.00363504526880939,3,Primate,0.375263157894737
Adult_B_cell,0.0697,0.00174717380207895,3,Primate,0.375773913043478
Fetus_Primordial_germ_cell,0.0718,0.00922998061879962,3,Great Ape,0.383758620689655
Fetus_Neutrophil,0.0748,-0.004001424289296,3,Homo-Pan,0.38927868852459
Fetus_Fetal_skeletal_muscle_cell,0.0749,-0.0023446794171976,3,Primate,0.38927868852459
Fetus_Fetal_acinar_cell,0.0757,-0.001787634110331,3,Primate,0.38927868852459
Fetus_Fetal_neuron,0.0762,-0.00330440366636569,3,Primate,0.38927868852459
Adult_Smooth_muscle_cell,0.0763,-0.00394474571364001,3,Human,0.38927868852459
Fetus_Monocyte,0.0766,0.00179361290425978,3,Human,0.38927868852459
Adult_Ureteric_bud_cell,0.0777,0.00218133769747737,3,Primate,0.3905
Adult_Fetal_chondrocyte,0.0781,-0.00242490851964862,3,Primate,0.3905
Fetus_hESC,0.0788,-0.00328876186140381,3,Haplorhine,0.390848
Adult_Pancreas_exocrine_cell,0.0809,0.00831755695749618,3,Homo-Pan,0.393136363636364
Adult_Fetal_fibroblast,0.081,-0.00224789679821433,3,Haplorhine,0.393136363636364
Adult_Fetal_skeletal_muscle_cell,0.0815,-0.00246157161408518,3,Primate,0.393136363636364
Adult_Goblet_cell,0.0827,0.00666520633713855,3,Homo-Pan,0.393136363636364
Fetus_Erythroid_progenitor_cell_(RP_high),0.0831,-0.00213338811090766,3,Homo-Pan,0.393136363636364
Adult_Fetal_mesenchymal_progenitor,0.0833,-0.00556006417925802,3,Homo-Pan,0.393136363636364
Adult_Proximal_tubule_progenitor,0.0837,-0.00677695004706051,3,Great Ape,0.393136363636364
Adult_Fetal_endocrine_cell,0.0853,-0.00308074937004253,3,Primate,0.394463768115942
Adult_Gastric_chief_cell,0.087,0.00378836959847382,3,Homo-Pan,0.394463768115942
Fetus_CB_CD34+,0.087,-0.00296832006881092,3,Homo-Pan,0.394463768115942
Adult_Ureteric_bud_cell,0.087,-0.00415144257959406,3,Great Ape,0.394463768115942
Adult_Primordial_germ_cell,0.0875,-0.00431991695716823,3,Great Ape,0.394463768115942
Fetus_Loop_of_Henle,0.0878,-0.00476076363856126,3,Great Ape,0.394463768115942
Adult_Endothelial_cell_(endothelial_to_mesenchymal_transition),0.0892,-0.00303350237378904,3,Great Ape,0.395471428571429
Fetus_Fetal_enterocyte,0.0893,-0.00129738077285545,3,Human,0.395471428571429
Adult_Loop_of_Henle,0.0902,-0.00319288817804695,3,Human,0.39551724137931
Adult_Monocyte,0.0914,0.00137700219735282,3,Haplorhine,0.39551724137931
Adult_Neutrophil_(RPS_high),0.092,-0.00317804558449476,3,Homo-Pan,0.39551724137931
Adult_Thyroid_follicular_cell,0.0924,0.00451738981963326,3,Great Ape,0.39551724137931
Adult_Fetal_chondrocyte,0.0925,0.00402501017271004,3,Human,0.39551724137931
HESC_Fetal_neuron,0.0932,-0.00294607248621685,3,Haplorhine,0.395780821917808
Adult_Endothelial_cell,0.0957,-0.00269813342395706,3,Human,0.397031055900621
Adult_Fetal_endocrine_cell,0.0962,0.00585528544869101,3,Great Ape,0.397031055900621
Fetus_Mast_cell,0.0964,-0.00481357062172195,3,Homo-Pan,0.397031055900621
Adult_M2_Macrophage,0.0969,0.00146673353336167,3,Primate,0.397031055900621
Fetus_Fetal_neuron,0.0982,-0.00608525005384111,3,Great Ape,0.397031055900621
Fetus_Fetal_chondrocyte,0.0999,-0.00345111350129563,3,Great Ape,0.397031055900621
Adult_Primordial_germ_cell,0.1,-0.00248871852502834,3,Haplorhine,0.397031055900621
Adult_Fetal_fibroblast,0.1004,-0.00311710396292589,3,Human,0.397031055900621
Adult_Primordial_germ_cell,0.1016,0.00361415773484965,3,Human,0.397031055900621
Adult_Fasciculata_cell,0.1017,0.00649735727286127,3,Homo-Pan,0.397031055900621
Adult_Neutrophil,0.102,-0.00480080004220858,3,Homo-Pan,0.397031055900621
Fetus_Primordial_germ_cell,0.1022,0.00408781993199537,3,Primate,0.397031055900621
Fetus_Sinusoidal_endothelial_cell,0.1027,0.00327863206677433,3,Primate,0.397031055900621
Adult_Fetal_acinar_cell,0.103,-0.00300909270250934,3,Haplorhine,0.397031055900621
Fetus_hESC,0.1031,0.00265083486066436,3,Primate,0.397031055900621
Fetus_Sinusoidal_endothelial_cell,0.1038,-0.005066088246021,3,Human,0.397104294478528
Adult_Thyroid_follicular_cell,0.1044,0.00526171037725239,3,Homo-Pan,0.397104294478528
Fetus_Fetal_epithelial_progenitor,0.1069,-0.00131874369488872,3,Primate,0.402816568047337
Fetus_T_cell,0.1073,-0.00400542346738696,3,Homo-Pan,0.402816568047337
Fetus_Smooth_muscle_cell,0.1086,-0.00234005057295842,3,Great Ape,0.402816568047337
Fetus_Kidney_intercalated_cell,0.1088,0.00154064689277499,3,Primate,0.402816568047337
Adult_Intermediated_cell,0.1092,0.00406970095201642,3,Great Ape,0.402816568047337
Adult_Fibroblast,0.1098,0.00358938355117922,3,Homo-Pan,0.402816568047337
Adult_Enterocyte_progenitor,0.1135,0.00308527512881512,3,Great Ape,0.405759162303665
Adult_Fetal_neuron,0.1158,-0.00976375624722494,3,Homo-Pan,0.405759162303665
Fetus_Goblet_cell,0.116,-0.00265029881927123,3,Great Ape,0.405759162303665
Fetus_B_cell,0.1166,-0.00294711155765017,3,Homo-Pan,0.405759162303665
Fetus_Intermediated_cell,0.1166,-0.00232223041903725,3,Human,0.405759162303665
Fetus_Fibroblast,0.1168,-0.00291751592635368,3,Human,0.405759162303665
Adult_Proliferating_T_cell,0.1175,-0.00214850968861692,3,Haplorhine,0.405759162303665
Adult_Fetal_enterocyte,0.1177,-0.00261048326923351,3,Haplorhine,0.405759162303665
Fetus_Astrocyte,0.1186,-0.00691269830553008,3,Great Ape,0.405759162303665
Fetus_Stratified_epithelial_cell,0.1188,0.00237107838980198,3,Primate,0.405759162303665
Fetus_Fetal_neuron,0.1194,-0.00492986685015608,3,Human,0.405759162303665
Adult_Gastric_endocrine_cell,0.1198,0.00640530994096638,3,Homo-Pan,0.405759162303665
Adult_AT2_cell,0.12,0.00234486185701162,3,Primate,0.405759162303665
Fetus_Ureteric_bud_cell,0.1211,-0.00121752190120658,3,Primate,0.405759162303665
Fetus_Enterocyte_progenitor,0.1217,-0.00336453205496882,3,Human,0.405759162303665
Adult_Neutrophil,0.122,0.00198140670056663,3,Haplorhine,0.405759162303665
HESC_Fetal_epithelial_progenitor,0.1223,-0.0031485889408687,3,Human,0.405759162303665
Adult_Fetal_neuron,0.1224,-0.00610033759724757,3,Human,0.405759162303665
Adult_Dendritic_cell,0.1234,0.00115440110744424,3,Primate,0.405759162303665
Adult_Fetal_chondrocyte,0.1249,0.00537180341221208,3,Homo-Pan,0.405759162303665
Fetus_Dendritic_cell,0.1249,0.000944891864588278,3,Haplorhine,0.405759162303665
Fetus_Basal_cell,0.125,-0.00516429136170641,3,Homo-Pan,0.405759162303665
Adult_Sinusoidal_endothelial_cell,0.1262,0.00401680173557996,3,Human,0.407292307692308
HESC_hESC,0.128,-0.00371314855331315,3,Homo-Pan,0.407292307692308
Fetus_CB_CD34+,0.128,0.00171950284361184,3,Human,0.407292307692308
Fetus_Erythroid_cell,0.1281,0.00208660064770924,3,Great Ape,0.407292307692308
Fetus_Mast_cell,0.1288,-0.00294305642341199,3,Human,0.407428571428571
Adult_B_cell,0.1298,-0.00355077136664986,3,Homo-Pan,0.408507614213198
Adult_Endothelial_cell,0.1313,-0.00138739705602751,3,Primate,0.411141414141414
Adult_Goblet_cell,0.1322,-0.00393623577298631,3,Great Ape,0.411879396984925
Fetus_Myeloid_cell,0.134,0.00448650334221529,3,Homo-Pan,0.413641791044776
Adult_Fetal_Neuron,0.1341,-0.00243063657670349,3,Primate,0.413641791044776
Fetus_Fetal_skeletal_muscle_cell,0.1368,-0.00365955459595561,3,Great Ape,0.416957345971564
Fetus_Pancreas_exocrine_cell,0.1376,0.00309084126954513,3,Human,0.416957345971564
Fetus_Ventricle_cardiomyocyte,0.1384,0.00599328067205629,3,Homo-Pan,0.416957345971564
Adult_Loop_of_Henle,0.139,-0.00296097760388919,3,Great Ape,0.416957345971564
Adult_hESC,0.1399,-0.00333145845120195,3,Human,0.416957345971564
Adult_Pancreas_exocrine_cell,0.1404,-0.00363023803053485,3,Human,0.416957345971564
Adult_Chondrocyte,0.141,0.00181788465910276,3,Primate,0.416957345971564
Adult_Astrocyte,0.1412,-0.00584527122465433,3,Human,0.416957345971564
Adult_Smooth_muscle_cell,0.1413,-0.00333217747028837,3,Great Ape,0.416957345971564
Adult_Intermediated_cell,0.1419,-0.00462937933617134,3,Homo-Pan,0.416957345971564
Fetus_B_cell_(Plasmocyte),0.1435,-0.00328472344640917,3,Homo-Pan,0.419669811320755
Adult_Gastric_endocrine_cell,0.1449,-0.00451654514407374,3,Great Ape,0.420093457943925
Fetus_Fetal_neuron,0.145,-0.00683570990696584,3,Homo-Pan,0.420093457943925
Fetus_Monocyte,0.1476,0.00166231566019318,3,Great Ape,0.424814814814815
HESC_Primordial_germ_cell,0.148,-0.0030882356819108,3,Great Ape,0.424814814814815
Fetus_Goblet_cell,0.1489,-0.00303422893540499,3,Homo-Pan,0.425428571428571
HESC_hESC,0.1502,-0.00169042909708748,3,Haplorhine,0.425533039647577
Adult_Hepatocyte_Endodermal_cell,0.1517,0.0081960562064288,3,Homo-Pan,0.425533039647577
Fetus_B_cell_(Plasmocyte),0.1517,0.00229540667630094,3,Human,0.425533039647577
Adult_Fetal_neuron,0.1527,-0.0037598849031353,3,Haplorhine,0.425533039647577
Adult_Mast_cell,0.1532,-0.00315764677895813,3,Homo-Pan,0.425533039647577
Fetus_Stratified_epithelial_cell,0.1536,-0.00252825130457444,3,Haplorhine,0.425533039647577
HESC_Proliferating_T_cell,0.155,-0.00278861975615464,3,Haplorhine,0.425533039647577
Adult_Fetal_acinar_cell,0.1554,-0.00357204049863596,3,Human,0.425533039647577
Fetus_Kidney_intercalated_cell,0.1556,-0.00152589092318997,3,Haplorhine,0.425533039647577
Adult_Oligodendrocyte,0.1558,-0.0095259267981829,3,Homo-Pan,0.425533039647577
Adult_Fetal_endocrine_cell,0.158,0.0064375945172824,3,Homo-Pan,0.428585152838428
Adult_Fetal_skeletal_muscle_cell,0.1583,-0.00327370308616885,3,Human,0.428585152838428
Fetus_Mast_cell,0.1621,-0.00159525107420246,3,Primate,0.436965217391304
Adult_Proliferating_T_cell,0.1656,-0.00282903903977901,3,Human,0.444467532467533
Fetus_Antigen_presenting_cell_(RPS_high),0.1693,0.0013188560370702,3,Great Ape,0.452439655172414
Adult_Fetal_chondrocyte,0.1715,-0.0022127925867008,3,Haplorhine,0.455726495726496
Adult_T_cell,0.172,0.00213740089463,3,Haplorhine,0.455726495726496
Fetus_Erythroid_cell,0.1733,-0.00200159293857033,3,Homo-Pan,0.457217021276596
Adult_Kidney_intercalated_cell,0.1756,-0.00549144163036457,3,Homo-Pan,0.460945147679325
Fetus_Kidney_intercalated_cell,0.1762,-0.0022930203554047,3,Great Ape,0.460945147679325
Adult_Mesothelial_cell,0.1778,-0.00345325305604915,3,Great Ape,0.463176470588235
Fetus_Endothelial_cell,0.1794,-0.00148421448492759,3,Human,0.464626506024096
Adult_Fetal_epithelial_progenitor,0.1801,0.0035385525671629,3,Haplorhine,0.464626506024096
Adult_Neutrophil_(RPS_high),0.1815,-0.00116015825389314,3,Haplorhine,0.464626506024096
Adult_Mast_cell,0.1823,0.00130320933906688,3,Primate,0.464626506024096
Fetus_Fetal_fibroblast,0.1825,-0.0034231716615715,3,Homo-Pan,0.464626506024096
Adult_Antigen_presenting_cell_(RPS_high),0.1846,0.0016897441048259,3,Human,0.464626506024096
Fetus_Fetal_epithelial_progenitor,0.1854,-0.00277631843702334,3,Homo-Pan,0.464626506024096
Adult_Fetal_skeletal_muscle_cell,0.1857,-0.00436718595494944,3,Homo-Pan,0.464626506024096
Fetus_B_cell_(Plasmocyte),0.1859,-0.00131959526533668,3,Primate,0.464626506024096
Adult_Proximal_tubule_progenitor,0.1863,-0.00473379445593863,3,Human,0.464626506024096
Adult_Goblet_cell,0.1866,0.00307034787643913,3,Human,0.464626506024096
Adult_Intercalated_cell,0.1899,0.00377298728131786,3,Homo-Pan,0.470952
Fetus_Neutrophil_(RPS_high),0.1932,-0.00166202317503891,3,Homo-Pan,0.477227091633466
Adult_Mast_cell,0.1954,-0.00203857536438709,3,Human,0.480746031746032
Adult_Erythroid_progenitor_cell_(RP_high),0.1988,-0.0012884074848367,3,Human,0.487177865612648
Fetus_Ventricle_cardiomyocyte,0.2028,-0.00414160304749192,3,Great Ape,0.495023622047244
Fetus_Fetal_stromal_cell,0.2052,0.00158082696891862,3,Human,0.498917647058823
Fetus_M2_Macrophage,0.2087,0.00142883576571831,3,Haplorhine,0.504684824902724
Fetus_Fetal_enterocyte,0.2092,-0.000652009787127947,3,Haplorhine,0.504684824902724
Adult_Hepatocyte_Endodermal_cell,0.2109,0.00284455294888407,3,Primate,0.506813953488372
Adult_CB_CD34+,0.214,0.00238472179492222,3,Great Ape,0.510546153846154
Adult_Intermediated_cell,0.2141,-0.00172563844165771,3,Primate,0.510546153846154
Fetus_Fetal_mesenchymal_progenitor,0.2174,-0.00105137902125904,3,Haplorhine,0.516429118773946
HESC_Fetal_epithelial_progenitor,0.2202,-0.00387827164163862,3,Homo-Pan,0.521083969465649
Adult_Sinusoidal_endothelial_cell,0.2224,-0.00450101791995215,3,Homo-Pan,0.521406015037594
Adult_Fetal_epithelial_progenitor,0.2236,-0.00554245788644395,3,Great Ape,0.521406015037594
Fetus_Fetal_chondrocyte,0.2237,-0.00139433481889613,3,Primate,0.521406015037594
Adult_Endothelial_cell_(endothelial_to_mesenchymal_transition),0.2237,-0.00187868540709184,3,Human,0.521406015037594
Fetus_Gastric_endocrine_cell,0.2248,0.00181481875571912,3,Primate,0.522007490636704
Fetus_Ventricle_cardiomyocyte,0.2265,-0.00254695457226668,3,Haplorhine,0.523992537313433
Adult_Fetal_neuron,0.23,-0.0054953371223289,3,Great Ape,0.529262773722628
Adult_Erythroid_progenitor_cell_(RP_high),0.2325,0.000706719387967521,3,Primate,0.529262773722628
Fetus_Enterocyte_progenitor,0.2327,0.00379820785062433,3,Homo-Pan,0.529262773722628
Fetus_Smooth_muscle_cell,0.2332,-0.00225512784857024,3,Homo-Pan,0.529262773722628
Fetus_Proximal_tubule_progenitor,0.2332,-0.00169512255278424,3,Primate,0.529262773722628
Fetus_AT2_cell,0.2339,-0.0033783615064463,3,Great Ape,0.529262773722628
Fetus_Antigen_presenting_cell_(RPS_high),0.2375,-0.000568745370882922,3,Primate,0.535454545454545
Fetus_Pancreas_exocrine_cell,0.2395,0.00271177347901272,3,Great Ape,0.536064981949458
Fetus_Proximal_tubule_progenitor,0.2395,-0.00284104734243496,3,Human,0.536064981949458
Fetus_Neutrophil_(RPS_high),0.2427,0.00113900948881408,3,Great Ape,0.537187279151943
Adult_Endothelial_cell_(endothelial_to_mesenchymal_transition),0.2438,0.00277267107733838,3,Homo-Pan,0.537187279151943
Fetus_Fetal_stromal_cell,0.2438,-0.000870359906443102,3,Primate,0.537187279151943
Adult_Astrocyte,0.2445,-0.00261979011088385,3,Primate,0.537187279151943
Fetus_Astrocyte,0.2446,-0.00257661733583207,3,Primate,0.537187279151943
Fetus_Ureteric_bud_cell,0.2452,-0.00239368629982919,3,Homo-Pan,0.537187279151943
Fetus_Endothelial_cell_(APC),0.2466,0.00194612662223215,3,Human,0.538352112676056
Fetus_Proximal_tubule_progenitor,0.2482,0.00417354311397966,3,Homo-Pan,0.539943859649123
Adult_Astrocyte,0.2499,-0.00299489556842069,3,Haplorhine,0.540285714285714
Fetus_Adrenal_gland_inflammatory_cell,0.2501,-0.00153885289772661,3,Primate,0.540285714285714
Adult_Fibroblast,0.2531,0.000884083407141708,3,Primate,0.544868055555556
Fetus_Immature_sertoli_cell_(Pre_Sertoli_cell),0.256,-0.00222900288489484,3,Primate,0.547310344827586
Fetus_Primordial_germ_cell,0.256,0.0033861334893823,3,Haplorhine,0.547310344827586
HESC_Fetal_neuron,0.2595,-0.00407898326926851,3,Homo-Pan,0.550223728813559
Fetus_Proximal_tubule_progenitor,0.2597,-0.00312697984606734,3,Great Ape,0.550223728813559
Fetus_Fasciculata_cell,0.2607,-0.00129324613918831,3,Primate,0.550223728813559
Adult_Ventricle_cardiomyocyte,0.2615,-0.00259764746226443,3,Haplorhine,0.550223728813559
Adult_Thyroid_follicular_cell,0.2618,-0.00184438854650714,3,Haplorhine,0.550223728813559
Fetus_Hepatocyte_Endodermal_cell,0.2672,0.00251672143666105,3,Great Ape,0.558208053691275
Fetus_Proliferating_T_cell,0.2679,-0.0030880367537027,3,Great Ape,0.558208053691275
Fetus_B_cell,0.2683,0.00101238351256551,3,Haplorhine,0.558208053691275
Fetus_Enterocyte_progenitor,0.2693,-0.00142313229627394,3,Primate,0.558414715719064
Fetus_Proliferating_T_cell,0.2723,-0.00365246291181438,3,Homo-Pan,0.561695364238411
Fetus_AT2_cell,0.2731,-0.00216298678061217,3,Haplorhine,0.561695364238411
Adult_Epithelial_cell_(intermediated),0.2736,0.00124077877739248,3,Primate,0.561695364238411
Adult_Loop_of_Henle,0.2825,-0.00275146135683728,3,Homo-Pan,0.578052805280528
Adult_Astrocyte,0.2844,-0.00680870709798176,3,Homo-Pan,0.578734426229508
HESC_Proliferating_T_cell,0.2847,-0.00460053400045613,3,Homo-Pan,0.578734426229508
Fetus_Epithelial_cell,0.2864,-0.00203218737054022,3,Primate,0.580287581699346
Adult_CB_CD34+,0.2895,-0.00184433851084073,3,Human,0.584657980456026
Fetus_Fetal_chondrocyte,0.2907,-0.00278290457192878,3,Homo-Pan,0.585175324675325
Fetus_Fetal_acinar_cell,0.2936,-0.0019057537800499,3,Human,0.589100323624596
Fetus_Fetal_epithelial_progenitor,0.299,-0.00142589387212254,3,Human,0.595437699680511
Adult_Myeloid_cell,0.2998,-0.00267765238431428,3,Great Ape,0.595437699680511
Fetus_Intermediated_cell,0.3002,-0.00176942910187041,3,Great Ape,0.595437699680511
Fetus_Endothelial_cell_(endothelial_to_mesenchymal_transition),0.3006,-0.00333303874367631,3,Homo-Pan,0.595437699680511
Adult_M2_Macrophage,0.3053,-0.00223800995928808,3,Homo-Pan,0.602821656050956
Fetus_Basal_cell,0.3071,-0.00235950128362664,3,Human,0.604450793650794
Fetus_Endothelial_cell_(APC),0.3103,-0.00265140024900221,3,Homo-Pan,0.605423197492163
Adult_Ventricle_cardiomyocyte,0.3108,-0.0048528913859062,3,Homo-Pan,0.605423197492163
Adult_Fetal_Neuron,0.311,-0.00194255836240487,3,Haplorhine,0.605423197492163
Adult_Erythroid_cell,0.3115,-0.00135161840850813,3,Human,0.605423197492163
Adult_Neutrophil_(RPS_high),0.3166,0.00143179558175377,3,Great Ape,0.6134125
Adult_Proliferating_T_cell,0.3218,-0.00233884277801815,3,Great Ape,0.621545171339564
Adult_Erythroid_progenitor_cell_(RP_high),0.3311,-0.00152822704993998,3,Homo-Pan,0.636495412844037
Adult_B_cell_(Plasmocyte),0.3323,-0.00335674296645402,3,Haplorhine,0.636495412844037
Fetus_Endothelial_cell,0.3338,-0.000597863058645643,3,Primate,0.636495412844037
Adult_Endothelial_cell_(APC),0.3353,0.000916694416578867,3,Haplorhine,0.636495412844037
Adult_Erythroid_cell,0.3357,0.00182575464795916,3,Homo-Pan,0.636495412844037
Adult_Fetal_acinar_cell,0.3357,-0.00326227650537472,3,Great Ape,0.636495412844037
Fetus_Myeloid_cell,0.3385,-0.00109660572405929,3,Primate,0.63984756097561
Fetus_Dendritic_cell,0.3446,-0.00129836265476325,3,Homo-Pan,0.648745454545455
Fetus_Fetal_endocrine_cell,0.3453,-0.00330461466326339,3,Great Ape,0.648745454545455
Adult_Fetal_chondrocyte,0.347,0.00263505946629715,3,Great Ape,0.649969788519637
Adult_Fetal_stromal_cell,0.35,0.00103613414450768,3,Primate,0.65221021021021
Adult_Antigen_presenting_cell_(RPS_high),0.3503,-0.000710427542129506,3,Primate,0.65221021021021
Adult_Endothelial_cell_(APC),0.3515,-0.000766957672586036,3,Primate,0.65248502994012
Adult_Smooth_muscle_cell,0.3538,-0.00137384548107702,3,Haplorhine,0.654794029850746
Adult_Fetal_enterocyte,0.355,-0.00354719940830521,3,Homo-Pan,0.655059523809524
Adult_Myeloid_cell,0.358,-0.00210412956610548,3,Human,0.658635014836795
Fetus_Fibroblast,0.3644,-0.00114034617580235,3,Haplorhine,0.668426035502959
Adult_Fetal_enterocyte,0.3673,0.00264275779426138,3,Great Ape,0.671279538904899
Fetus_AT2_cell,0.3689,-0.00336554329884858,3,Homo-Pan,0.671279538904899
Fetus_Immature_sertoli_cell_(Pre_Sertoli_cell),0.3706,-0.00498142411920769,3,Homo-Pan,0.671279538904899
Adult_B_cell_(Plasmocyte),0.3714,-0.00573025506246202,3,Great Ape,0.671279538904899
Adult_T_cell,0.3716,-0.0021690770839165,3,Human,0.671279538904899
Adult_Epithelial_cell_(intermediated),0.3737,0.00172264811843265,3,Human,0.671279538904899
Fetus_Astrocyte,0.3747,-0.00233570952472449,3,Haplorhine,0.671279538904899
Fetus_Mast_cell,0.3755,0.00195159840765469,3,Great Ape,0.671279538904899
Adult_Endothelial_cell_(APC),0.3757,-0.00205664802903008,3,Homo-Pan,0.671279538904899
Adult_CB_CD34+,0.3786,-0.000960835112975658,3,Primate,0.67451724137931
Adult_Chondrocyte,0.3803,0.00276915400305355,3,Homo-Pan,0.675604584527221
Fetus_B_cell,0.3875,0.000687758378193213,3,Primate,0.686239316239316
Adult_Endothelial_cell_(APC),0.3885,-0.00122767254537393,3,Human,0.686239316239316
Adult_Endothelial_cell_(APC),0.3934,-0.0014216109720272,3,Great Ape,0.692564245810056
Adult_Thyroid_follicular_cell,0.3949,-0.00124524195189303,3,Primate,0.692564245810056
Fetus_Fetal_mesenchymal_progenitor,0.3963,-0.00120726662724421,3,Great Ape,0.692564245810056
Adult_Gastric_endocrine_cell,0.3984,0.00164895029573853,3,Haplorhine,0.692564245810056
Fetus_Endothelial_cell,0.3986,0.00109455601044794,3,Great Ape,0.692564245810056
Adult_Monocyte,0.3994,0.001034427338574,3,Human,0.692564245810056
Fetus_M2_Macrophage,0.3999,-0.00231869386405669,3,Homo-Pan,0.692564245810056
Adult_T_cell,0.4021,0.00239278525361475,3,Great Ape,0.694434540389972
Adult_Fetal_epithelial_progenitor,0.4057,0.00341448441941474,3,Human,0.698705555555556
Adult_Mast_cell,0.407,0.0015227387969247,3,Great Ape,0.699002770083102
Fetus_AT2_cell,0.4098,-0.00142829609217872,3,Primate,0.701867403314917
Fetus_Immature_sertoli_cell_(Pre_Sertoli_cell),0.4123,-0.0018585342972503,3,Haplorhine,0.703572602739726
Fetus_Fetal_enterocyte,0.4141,0.000727132056750595,3,Great Ape,0.703572602739726
Fetus_Fetal_Neuron,0.4142,0.00168678203339768,3,Human,0.703572602739726
Fetus_Fetal_epithelial_progenitor,0.4199,-0.00129870670381034,3,Great Ape,0.711306010928962
Adult_Smooth_muscle_cell,0.4226,0.00239869116402171,3,Homo-Pan,0.712157608695652
Adult_Proximal_tubule_progenitor,0.4227,-0.00162021521943951,3,Primate,0.712157608695652
Fetus_Adrenal_gland_inflammatory_cell,0.4255,-0.00176801730201653,3,Human,0.714508108108108
Adult_Dendritic_cell,0.4264,-0.00119754231233377,3,Great Ape,0.714508108108108
Fetus_B_cell,0.4276,0.00105361577360603,3,Human,0.714587601078167
HESC_Proliferating_T_cell,0.4297,-0.0029477535910745,3,Great Ape,0.716166666666667
Adult_AT2_cell,0.435,0.00291779672965894,3,Homo-Pan,0.723056300268097
Fetus_Goblet_cell,0.4382,-0.00117782238072057,3,Human,0.725648
Adult_Sinusoidal_endothelial_cell,0.4389,0.00128947764006973,3,Primate,0.725648
Adult_Myeloid_cell,0.4404,-0.00268813504489741,3,Homo-Pan,0.726191489361702
Adult_Endothelial_cell,0.4448,-0.00143021038788138,3,Great Ape,0.731501326259947
Fetus_Fetal_acinar_cell,0.4487,-0.000916540734254262,3,Haplorhine,0.735515789473684
Adult_Gastric_endocrine_cell,0.4508,-0.00124889716743826,3,Primate,0.735515789473684
Fetus_Fetal_endocrine_cell,0.4508,-0.00156116313883787,3,Haplorhine,0.735515789473684
Fetus_Adrenal_gland_inflammatory_cell,0.4531,-0.00118039138765873,3,Haplorhine,0.737328083989501
Adult_hESC,0.456,0.00215820416304172,3,Great Ape,0.740104712041885
Fetus_Endothelial_cell_(endothelial_to_mesenchymal_transition),0.4587,-0.00106881168595741,3,Haplorhine,0.742543080939948
Fetus_Fetal_enterocyte,0.46,0.000941848062307633,3,Homo-Pan,0.742708333333333
Fetus_Fasciculata_cell,0.4634,0.00211442092491757,3,Homo-Pan,0.745917525773196
Adult_Antigen_presenting_cell_(RPS_high),0.4658,0.000636566550050082,3,Haplorhine,0.745917525773196
Fetus_Stratified_epithelial_cell,0.4662,0.00196763357586802,3,Human,0.745917525773196
Adult_Macrophage,0.4668,0.00105202332554377,3,Human,0.745917525773196
Adult_M2_Macrophage,0.4728,0.00105836166830863,3,Human,0.753562982005141
Fetus_Epithelial_cell_(intermediated),0.478,-0.00174609357429668,3,Great Ape,0.758551020408163
Adult_Fetal_stromal_cell,0.4796,-0.00150951555114858,3,Great Ape,0.758551020408163
Fetus_Adrenal_gland_inflammatory_cell,0.4796,-0.00178382317727385,3,Great Ape,0.758551020408163
Adult_Primordial_germ_cell,0.4849,0.000927123990684919,3,Primate,0.764982188295165
Fetus_Fetal_skeletal_muscle_cell,0.4893,-0.00162557558726743,3,Human,0.769143576826196
Fetus_B_cell_(Plasmocyte),0.4906,-0.000792055855443538,3,Haplorhine,0.769143576826196
Fetus_Hepatocyte_Endodermal_cell,0.4924,0.00221005012141153,3,Homo-Pan,0.769143576826196
Fetus_Stromal_cell,0.4925,0.00117412244843182,3,Great Ape,0.769143576826196
Fetus_Myeloid_cell,0.4965,-0.00163459144063455,3,Great Ape,0.772532338308458
Adult_hESC,0.4974,-0.00260956024228471,3,Homo-Pan,0.772532338308458
Fetus_B_cell,0.4994,0.00101436632225333,3,Great Ape,0.772532338308458
Fetus_Pancreas_exocrine_cell,0.4997,-0.00122125151820262,3,Haplorhine,0.772532338308458
Fetus_Dendritic_cell,0.5009,-0.000698508471289531,3,Great Ape,0.772532338308458
Fetus_hESC,0.5088,0.00226457514308978,3,Great Ape,0.781292079207921
Adult_Fetal_neuron,0.5091,-0.00147938778918352,3,Primate,0.781292079207921
Fetus_M2_Macrophage,0.5139,-0.00115395650977716,3,Human,0.786093137254902
Adult_M2_Macrophage,0.5168,-0.00109032120378102,3,Great Ape,0.786093137254902
Adult_Fasciculata_cell,0.5169,0.0010442012199604,3,Primate,0.786093137254902
Fetus_Intercalated_cell,0.5173,-0.00159365072796946,3,Great Ape,0.786093137254902
Adult_Hepatocyte_Endodermal_cell,0.5247,0.00266587610024775,3,Human,0.795388753056235
Adult_Fetal_skeletal_muscle_cell,0.5299,-0.00178636323242525,3,Great Ape,0.801312195121951
Fetus_Kidney_intercalated_cell,0.5318,-0.000951054066210375,3,Human,0.802228710462287
HESC_Fetal_epithelial_progenitor,0.5345,-0.000741318510690431,3,Primate,0.804344660194175
Fetus_Myeloid_cell,0.5381,0.000840688012737463,3,Haplorhine,0.807801452784504
Adult_Loop_of_Henle,0.5438,-0.000663954918579148,3,Primate,0.812081339712919
Fetus_Mast_cell,0.5453,-0.000837144588135405,3,Haplorhine,0.812081339712919
Fetus_Adrenal_gland_inflammatory_cell,0.5472,-0.00192526630963164,3,Homo-Pan,0.812081339712919
Adult_Enterocyte,0.5472,0.00198086202628124,3,Great Ape,0.812081339712919
Adult_Fetal_mesenchymal_progenitor,0.5475,-0.000830738354761567,3,Haplorhine,0.812081339712919
Fetus_Fasciculata_cell,0.5497,-0.00139217884217809,3,Great Ape,0.812495238095238
Fetus_T_cell,0.5504,0.000564736129029063,3,Primate,0.812495238095238
Adult_Myeloid_cell,0.5573,0.00078509632047198,3,Primate,0.815943396226415
Adult_Monocyte,0.5574,-0.00119865507998986,3,Homo-Pan,0.815943396226415
Fetus_Epithelial_cell,0.5578,-0.00212962939197557,3,Human,0.815943396226415
Fetus_Dendritic_cell,0.558,0.000319853621827965,3,Primate,0.815943396226415
Adult_Fetal_mesenchymal_progenitor,0.5628,0.00140954541735691,3,Great Ape,0.820665105386417
Adult_Endothelial_cell,0.5643,-0.00152391195063194,3,Homo-Pan,0.820665105386417
Adult_Stratified_epithelial_cell,0.5652,-0.00233563969132474,3,Great Ape,0.820665105386417
Fetus_Epithelial_cell,0.5685,0.00242819499219264,3,Great Ape,0.823487179487179
Adult_Fetal_fibroblast,0.5698,-0.00184529312783217,3,Homo-Pan,0.823487179487179
HESC_Proliferating_T_cell,0.5725,0.00179574446866828,3,Human,0.82546511627907
Adult_Astrocyte,0.5771,-0.00266866811763681,3,Great Ape,0.830167053364269
Adult_Epithelial_cell_(intermediated),0.5802,0.00129052087690995,3,Great Ape,0.832694444444445
Fetus_Monocyte,0.5852,-0.000312882415481886,3,Primate,0.837930715935335
HESC_Proliferating_T_cell,0.5866,-0.000955012256301712,3,Primate,0.838
Fetus_Intercalated_cell,0.588,-0.000790586555816293,3,Haplorhine,0.838068965517241
Fetus_Enterocyte,0.5916,-0.000695344343627829,3,Primate,0.838889390519187
Adult_Intermediated_cell,0.5946,0.00138888800943,3,Human,0.838889390519187
Fetus_Intercalated_cell,0.5948,-0.00118902562204275,3,Human,0.838889390519187
Fetus_Epithelial_cell_(intermediated),0.5953,-0.000663901000412566,3,Primate,0.838889390519187
Adult_Neutrophil_(RPS_high),0.5972,-0.000714858406279013,3,Human,0.838889390519187
Adult_Neutrophil_(RPS_high),0.5975,-0.000413654538699875,3,Primate,0.838889390519187
Adult_Macrophage,0.5987,0.000907999758238239,3,Great Ape,0.838889390519187
Adult_Fetal_stromal_cell,0.5994,-0.00100601951165996,3,Human,0.838889390519187
Adult_hESC,0.6038,-0.000765999879639494,3,Primate,0.841170403587444
Adult_Fasciculata_cell,0.6046,0.00151884859697058,3,Human,0.841170403587444
Fetus_Astrocyte,0.6051,0.00354211561943106,3,Homo-Pan,0.841170403587444
Adult_Enterocyte_progenitor,0.6099,0.000921497497642825,3,Human,0.845946308724832
Adult_Ventricle_cardiomyocyte,0.6159,-0.00192236620013938,3,Human,0.852361607142857
Adult_Stromal_cell,0.6214,-0.000724985193365541,3,Great Ape,0.857643956043956
Fetus_Ventricle_cardiomyocyte,0.6244,0.00177840312639567,3,Human,0.857643956043956
Fetus_Proliferating_T_cell,0.6249,0.000955344169679667,3,Haplorhine,0.857643956043956
Adult_Enterocyte,0.6278,0.0013956913465075,3,Human,0.857643956043956
Fetus_Loop_of_Henle,0.6279,-0.00206818866180131,3,Homo-Pan,0.857643956043956
Fetus_Goblet_cell,0.6282,0.000453550759803681,3,Primate,0.857643956043956
Adult_Stromal_cell,0.6294,0.000347621005957323,3,Primate,0.857643956043956
Fetus_hESC,0.6311,0.00148632703411056,3,Human,0.858074561403509
Fetus_Stratified_epithelial_cell,0.6405,0.00213217353179789,3,Homo-Pan,0.865175704989154
Adult_Gastric_chief_cell,0.6414,-0.000853878829735331,3,Human,0.865175704989154
Fetus_Macrophage,0.6422,0.000926457779200312,3,Homo-Pan,0.865175704989154
Fetus_Fetal_acinar_cell,0.6433,-0.00138692294805734,3,Homo-Pan,0.865175704989154
Fetus_Antigen_presenting_cell_(RPS_high),0.6433,-0.000257888291653788,3,Haplorhine,0.865175704989154
Adult_Basal_cell,0.6455,0.00191938472964837,3,Great Ape,0.866255411255411
Fetus_Fetal_acinar_cell,0.6514,-0.000990467501603757,3,Great Ape,0.869460385438972
Adult_Mesothelial_cell,0.6532,-0.000601041198587315,3,Primate,0.869460385438972
Adult_Stromal_cell,0.6538,0.000857970712800271,3,Homo-Pan,0.869460385438972
Fetus_Fetal_fibroblast,0.6541,-0.000941020725636027,3,Great Ape,0.869460385438972
Fetus_Macrophage,0.6549,0.000546293673284498,3,Human,0.869460385438972
Fetus_Stromal_cell,0.6624,-0.000652653731053451,3,Human,0.877538461538461
HESC_Primordial_germ_cell,0.6649,-0.000493378390565246,3,Primate,0.878972281449893
Fetus_Enterocyte_progenitor,0.6704,-0.00111908626005457,3,Great Ape,0.882987603305785
Fetus_Endothelial_cell_(endothelial_to_mesenchymal_transition),0.6717,-0.000547736630357398,3,Primate,0.882987603305785
Adult_Oligodendrocyte,0.6752,-0.0022348452560008,3,Great Ape,0.882987603305785
Fetus_Loop_of_Henle,0.6759,-0.00113484396625509,3,Human,0.882987603305785
Fetus_Dendritic_cell,0.6769,-0.000379312313903746,3,Human,0.882987603305785
Fetus_Erythroid_cell,0.6811,-0.000418948565852645,3,Haplorhine,0.882987603305785
Fetus_Epithelial_cell_(intermediated),0.6814,0.000920189610137168,3,Human,0.882987603305785
Adult_Fetal_epithelial_progenitor,0.6819,0.000925297818964218,3,Primate,0.882987603305785
Adult_Ureteric_bud_cell,0.6826,-0.000578003246036433,3,Haplorhine,0.882987603305785
Fetus_Erythroid_cell,0.6861,-0.000600494749709169,3,Human,0.882987603305785
Fetus_Endothelial_cell_(APC),0.6863,-0.00045632124957165,3,Haplorhine,0.882987603305785
Adult_B_cell_(Plasmocyte),0.6864,-0.00516969491544706,3,Homo-Pan,0.882987603305785
Fetus_Basal_cell,0.6889,-0.000552822945973256,3,Primate,0.882987603305785
Adult_Fetal_mesenchymal_progenitor,0.6891,-0.000484160351644494,3,Primate,0.882987603305785
Adult_Kidney_intercalated_cell,0.6893,-0.00147609737203243,3,Great Ape,0.882987603305785
Fetus_Proliferating_T_cell,0.6937,-0.000649131865546744,3,Primate,0.886791752577319
Adult_T_cell,0.7008,-0.000517460449597611,3,Primate,0.891943089430894
Adult_Erythroid_cell,0.7047,-0.00038540937275736,3,Haplorhine,0.891943089430894
Fetus_Loop_of_Henle,0.7055,0.000668069196527465,3,Haplorhine,0.891943089430894
Fetus_Smooth_muscle_cell,0.7063,0.000506809778444869,3,Human,0.891943089430894
Adult_B_cell_(Plasmocyte),0.7067,-0.00194595758744654,3,Human,0.891943089430894
Fetus_Gastric_endocrine_cell,0.707,-0.00124587747032418,3,Great Ape,0.891943089430894
HESC_hESC,0.7078,-0.000779556932028401,3,Great Ape,0.891943089430894
Fetus_Fetal_endocrine_cell,0.7103,0.00119618190280652,3,Human,0.893277890466531
Fetus_Kidney_intercalated_cell,0.7146,0.000828191822380368,3,Homo-Pan,0.895680808080808
Adult_Proximal_tubule_progenitor,0.7151,-0.00234486026231876,3,Homo-Pan,0.895680808080808
Adult_Dendritic_cell,0.7201,-0.000768094669466121,3,Homo-Pan,0.898812877263582
Fetus_Erythroid_progenitor_cell_(RP_high),0.7205,0.000281795704519795,3,Human,0.898812877263582
Fetus_Goblet_cell,0.7257,-0.000381792950900758,3,Haplorhine,0.903092
Adult_Primordial_germ_cell,0.7274,0.00134532362537629,3,Homo-Pan,0.903092
Fetus_Fibroblast,0.7283,-0.000807904582573969,3,Great Ape,0.903092
Fetus_Endothelial_cell,0.7336,-0.000630250728399894,3,Homo-Pan,0.907848303393214
Adult_Endothelial_cell_(endothelial_to_mesenchymal_transition),0.738,-0.000299433758784051,3,Primate,0.910524850894632
Fetus_Fetal_Neuron,0.7387,-0.000408573350000198,3,Primate,0.910524850894632
Adult_Proliferating_T_cell,0.7415,0.000414836841599246,3,Primate,0.910647398843931
Adult_Fibroblast,0.7459,-0.000544371269095301,3,Great Ape,0.910647398843931
Adult_AT2_cell,0.7461,0.00094974560024071,3,Human,0.910647398843931
Adult_B_cell,0.7465,-0.000628154717892194,3,Great Ape,0.910647398843931
Fetus_B_cell_(Plasmocyte),0.7481,-0.000635430503084881,3,Great Ape,0.910647398843931
Adult_Enterocyte_progenitor,0.7493,0.000375597738768186,3,Haplorhine,0.910647398843931
Fetus_Fasciculata_cell,0.7505,0.000434950075484608,3,Haplorhine,0.910647398843931
Fetus_Intermediated_cell,0.7516,-0.000297005092382465,3,Primate,0.910647398843931
Adult_AT2_cell,0.7547,-0.00104630932802355,3,Great Ape,0.910647398843931
Adult_Intercalated_cell,0.7551,-0.000709075702264151,3,Human,0.910647398843931
Fetus_Neutrophil,0.7584,-0.000304590922087545,3,Haplorhine,0.910647398843931
Adult_Fetal_Neuron,0.7602,0.00106717530667171,3,Great Ape,0.910647398843931
Adult_Enterocyte,0.7606,0.000497700349850806,3,Primate,0.910647398843931
Fetus_T_cell,0.7607,0.000338596004384224,3,Haplorhine,0.910647398843931
Adult_Neutrophil,0.7622,-0.000631177448047133,3,Human,0.910647398843931
Adult_Erythroid_cell,0.7623,-0.000517118592026894,3,Great Ape,0.910647398843931
Adult_Endothelial_cell_(endothelial_to_mesenchymal_transition),0.7699,-0.000309934351281751,3,Haplorhine,0.916816091954023
Fetus_Sinusoidal_endothelial_cell,0.7714,0.000725652611042453,3,Haplorhine,0.916816091954023
Fetus_Sinusoidal_endothelial_cell,0.7719,0.00188860080716007,3,Homo-Pan,0.916816091954023
Adult_Oligodendrocyte,0.7776,-0.000783569210688123,3,Haplorhine,0.921820267686424
Fetus_Astrocyte,0.7815,-0.0011593311828855,3,Human,0.924331428571429
Adult_Endothelial_cell,0.7827,-0.000314777096159923,3,Haplorhine,0.924331428571429
Fetus_CB_CD34+,0.7845,-0.000400437347430816,3,Great Ape,0.924695817490494
Fetus_Fetal_Neuron,0.7872,-0.000674373056807378,3,Great Ape,0.924950757575758
Fetus_Hepatocyte_Endodermal_cell,0.7877,0.000317827641749449,3,Primate,0.924950757575758
HESC_Fetal_neuron,0.7893,-0.000429408401570847,3,Primate,0.925077504725898
Fetus_Erythroid_cell,0.7909,-0.00024039713006556,3,Primate,0.925203773584906
Adult_CB_CD34+,0.7943,-0.000704872266059164,3,Homo-Pan,0.926270676691729
Fetus_Loop_of_Henle,0.7948,0.000393954584274899,3,Primate,0.926270676691729
Fetus_Ureteric_bud_cell,0.8024,0.000342595451565185,3,Human,0.933373358348968
Adult_Basal_cell,0.8079,-0.000523006651980564,3,Haplorhine,0.936453531598513
Adult_Dendritic_cell,0.8083,-0.000333275536904089,3,Human,0.936453531598513
Fetus_Proliferating_T_cell,0.8102,0.000783964580911996,3,Human,0.936453531598513
Fetus_Fetal_endocrine_cell,0.8111,0.00124206635229756,3,Homo-Pan,0.936453531598513
Fetus_Gastric_endocrine_cell,0.8126,0.000431971086354778,3,Haplorhine,0.936453531598513
Adult_Epithelial_cell,0.8144,-0.000685496577049069,3,Human,0.936786641929499
Adult_Ureteric_bud_cell,0.8162,0.000794713001985414,3,Homo-Pan,0.936990757855823
Adult_Epithelial_cell_(intermediated),0.8176,-0.000306859450178326,3,Haplorhine,0.936990757855823
Adult_AT2_cell,0.8217,-0.000434300450656085,3,Haplorhine,0.937359712230216
Adult_Myeloid_cell,0.8218,-0.000344887016909695,3,Haplorhine,0.937359712230216
Adult_Intercalated_cell,0.8253,-0.000286170491370473,3,Primate,0.937359712230216
Fetus_Basal_cell,0.826,-0.000628618560040276,3,Great Ape,0.937359712230216
Fetus_Fetal_mesenchymal_progenitor,0.827,-0.000442325399472522,3,Homo-Pan,0.937359712230216
Fetus_Enterocyte_progenitor,0.8308,-0.000319058170549074,3,Haplorhine,0.937359712230216
Adult_Fetal_endocrine_cell,0.8316,-0.000737404895200825,3,Human,0.937359712230216
Fetus_AT2_cell,0.8324,-0.000758855781506306,3,Human,0.937359712230216
Adult_Pancreas_exocrine_cell,0.8337,0.000382854231874098,3,Primate,0.937359712230216
Adult_Epithelial_cell_(intermediated),0.8339,-0.000658285665045149,3,Homo-Pan,0.937359712230216
Fetus_Sinusoidal_endothelial_cell,0.8369,-0.0011572158763787,3,Great Ape,0.937359712230216
Fetus_CB_CD34+,0.8396,-0.000152346614204644,3,Primate,0.937359712230216
Adult_Fetal_Neuron,0.8397,-0.00102026031097165,3,Homo-Pan,0.937359712230216
Adult_Erythroid_cell,0.8401,0.000185339241465567,3,Primate,0.937359712230216
HESC_hESC,0.8406,0.000208438639426855,3,Primate,0.937359712230216
Adult_Mesothelial_cell,0.8466,0.000502758192046519,3,Human,0.940844522968198
Adult_Oligodendrocyte,0.8483,-0.000870166470372889,3,Human,0.940844522968198
Fetus_Neutrophil_(RPS_high),0.8494,0.000106667426999682,3,Primate,0.940844522968198
Adult_B_cell,0.8502,0.000345624784980084,3,Human,0.940844522968198
Adult_Chondrocyte,0.8528,0.000272055909676255,3,Haplorhine,0.940844522968198
HESC_Fetal_epithelial_progenitor,0.8547,-0.000258979545309864,3,Haplorhine,0.940844522968198
Fetus_Fetal_enterocyte,0.8555,-7.99962399744381e-05,3,Primate,0.940844522968198
Adult_Fetal_fibroblast,0.8569,0.000200610578652877,3,Primate,0.940844522968198
Fetus_Endothelial_cell_(APC),0.8579,-0.000177630605158723,3,Primate,0.940844522968198
Fetus_Fetal_fibroblast,0.8589,0.000184973019669401,3,Primate,0.940844522968198
Adult_Kidney_intercalated_cell,0.8627,0.000301881771982745,3,Primate,0.941768014059754
Adult_Chondrocyte,0.8643,-0.000443370092922168,3,Great Ape,0.941768014059754
Fetus_Antigen_presenting_cell_(RPS_high),0.8643,-0.000135899759950847,3,Human,0.941768014059754
Fetus_Neutrophil,0.8703,0.000243861512933509,3,Human,0.946642105263158
Adult_Epithelial_cell,0.8792,0.000704219533452669,3,Homo-Pan,0.953479930191972
Fetus_CB_CD34+,0.8799,0.00013134921249395,3,Haplorhine,0.953479930191972
Adult_Enterocyte_progenitor,0.8812,0.000426753079199671,3,Homo-Pan,0.953479930191972
Fetus_Proximal_tubule_progenitor,0.8847,-0.000242189925646796,3,Haplorhine,0.954205479452055
Fetus_M2_Macrophage,0.8867,-0.000298648830951792,3,Great Ape,0.954205479452055
Adult_Mesothelial_cell,0.8897,0.000543744488493172,3,Homo-Pan,0.954205479452055
Adult_Intercalated_cell,0.8901,-0.000387257261121856,3,Great Ape,0.954205479452055
Adult_Proximal_tubule_progenitor,0.8916,0.000323372267544898,3,Haplorhine,0.954205479452055
Fetus_Fibroblast,0.8946,0.000409400476269472,3,Homo-Pan,0.954205479452055
Adult_B_cell_(Plasmocyte),0.8956,0.000396658380783887,3,Primate,0.954205479452055
Adult_Fetal_enterocyte,0.8957,0.000353576368674527,3,Human,0.954205479452055
Fetus_Fetal_stromal_cell,0.896,0.000263681493946448,3,Homo-Pan,0.954205479452055
Fetus_Endothelial_cell_(APC),0.8981,-0.000245125808600672,3,Great Ape,0.954205479452055
Fetus_Epithelial_cell_(intermediated),0.8988,0.00044988466751551,3,Homo-Pan,0.954205479452055
Fetus_Endothelial_cell_(endothelial_to_mesenchymal_transition),0.9042,-0.000287885099595589,3,Human,0.958201022146508
Fetus_T_cell,0.9058,0.000211852988027502,3,Human,0.958201022146508
Adult_Kidney_intercalated_cell,0.9072,-0.000373484135378484,3,Human,0.958201022146508
Fetus_Fetal_chondrocyte,0.9149,0.00015587630976259,3,Haplorhine,0.964690476190476
Fetus_Erythroid_progenitor_cell_(RP_high),0.922,4.65619026098419e-05,3,Primate,0.970526315789474
Fetus_Monocyte,0.9243,-6.15963947820811e-05,3,Haplorhine,0.971298305084746
Adult_Kidney_intercalated_cell,0.9283,0.000180061728818899,3,Haplorhine,0.973567567567568
Adult_Fetal_fibroblast,0.9296,-0.000215024637629195,3,Great Ape,0.973567567567568
HESC_Fetal_neuron,0.9351,0.00029563063014816,3,Great Ape,0.975848739495798
Adult_Ureteric_bud_cell,0.9353,-0.000160043292579747,3,Human,0.975848739495798
Adult_Monocyte,0.9365,5.60174879238823e-05,3,Primate,0.975848739495798
Adult_Epithelial_cell,0.941,-0.000272561537167953,3,Great Ape,0.978187604690117
Adult_Fetal_mesenchymal_progenitor,0.9419,-0.000150941947815909,3,Human,0.978187604690117
Adult_Ventricle_cardiomyocyte,0.9474,0.000336328965920638,3,Great Ape,0.982254180602007
Adult_Erythroid_progenitor_cell_(RP_high),0.9593,6.11802817086213e-05,3,Great Ape,0.991483333333333
Adult_Gastric_chief_cell,0.9595,0.000116497698894081,3,Great Ape,0.991483333333333
Adult_Basal_cell,0.9638,-0.00030129460306989,3,Homo-Pan,0.991897520661157
Adult_Stratified_epithelial_cell,0.9648,-0.000266149795575386,3,Homo-Pan,0.991897520661157
Adult_Fasciculata_cell,0.9664,-0.000139403402947804,3,Great Ape,0.991897520661157
Fetus_Pancreas_exocrine_cell,0.9666,6.38053962387934e-05,3,Primate,0.991897520661157
Adult_Fibroblast,0.9679,5.79211853325242e-05,3,Human,0.991897520661157
Adult_Mast_cell,0.9701,4.82622666848769e-05,3,Haplorhine,0.992511551155115
Adult_Fetal_acinar_cell,0.9754,-0.000204569724503517,3,Homo-Pan,0.996052287581699
Fetus_Intercalated_cell,0.9797,-9.56098390567848e-05,3,Homo-Pan,0.996052287581699
Adult_Enterocyte_progenitor,0.9797,2.41198181259355e-05,3,Primate,0.996052287581699
HESC_Primordial_germ_cell,0.9816,-7.43953498183796e-05,3,Homo-Pan,0.996052287581699
Adult_Basal_cell,0.9817,-8.36437201059692e-05,3,Human,0.996052287581699
Fetus_Enterocyte,0.9832,8.2622928109996e-05,3,Homo-Pan,0.996052287581699
Adult_Fetal_epithelial_progenitor,0.9849,0.000151446943073435,3,Homo-Pan,0.996146818923328
Fetus_Fetal_mesenchymal_progenitor,0.9868,1.93343639469311e-05,3,Human,0.996442996742671
Adult_Loop_of_Henle,0.9887,1.92062786906394e-05,3,Haplorhine,0.996738211382114
Fetus_Primordial_germ_cell,0.9924,9.56074005203412e-05,3,Homo-Pan,0.998732576985413
Adult_Fetal_acinar_cell,0.9939,1.27949990353295e-05,3,Primate,0.998732576985413
Adult_Macrophage,0.9956,-1.21967809616592e-05,3,Homo-Pan,0.998822006472492
Adult_T_cell,0.9992,4.99197058125964e-06,3,Homo-Pan,0.9995
Fetus_Fetal_fibroblast,0.9995,-1.02459033477945e-06,3,Human,0.9995
